"('RNA_0', 'RNA_0')","('RNA_0', 'RNA_1')","('RNA_0', 'RNA_2')","('RNA_1', 'RNA_1')","('RNA_1', 'RNA_2')","('RNA_2', 'RNA_2')",RNA_0,RNA_1,RNA_2
0.13349557036519777,0.9461590200570751,0.7709456665287586,0.2136064960663958,0.738487513586717,0.4081910490975792,0.05761041901938613,0.8151364616636034,0.2983585697750185
0.5128299281824504,0.8732410896948112,0.8733970684587051,0.08864708539929356,0.4260016116217711,0.18414201433308564,0.9013449919939246,0.5372532581715606,0.9647526903843696
0.8268406931945007,0.6138136049847195,0.27597765757518467,0.4511666341115774,0.38987155256019246,0.33354902768323225,0.19240313049255342,0.7811238567592604,0.6929442758372644
0.9609187078595662,0.008442444128188509,0.32590077871105383,0.74357872304653,0.34684861609857753,0.08251550367531979,0.5988113954102628,0.002914721059482206,0.17360274641276807
0.5102881729270025,0.36746105981142363,0.7688720707944477,0.5939163800312918,0.9594432043430472,0.9568890989236333,0.8922500858813467,0.7524653036805968,0.8008294440363415
0.7244510861367764,0.6737674004117344,0.34587566743077824,0.4094327301284395,0.7976853665085847,0.9511471799379361,0.6741073049188754,0.6715697615576798,0.6563052030455818
0.3741238007763381,0.2666155687545386,0.9922704894802882,0.3614480483375917,0.531102346018711,0.648491249224003,0.7285833650707466,0.30732399439212255,0.08928828770692421
0.6630165168768575,0.8515134348187234,0.033696547130294685,0.33088355829800786,0.6048345609281764,0.12626067072668845,0.7232801207793655,0.8845685242457204,0.9961251431494378
0.3849785826174593,0.031491272715481355,0.1308983823998402,0.946152001066197,0.6489855320539447,0.8948043959517914,0.1600960042866486,0.8906786238675665,0.17585813037241482
