"('RNA_0', 'RNA_0')","('RNA_0', 'RNA_1')","('RNA_0', 'RNA_2')","('RNA_1', 'RNA_1')","('RNA_1', 'RNA_2')","('RNA_2', 'RNA_2')",RNA_0,RNA_1,RNA_2
0.8801731343982429,0.7691417267151892,0.33010750177658554,0.9032523740626508,0.4024902209347061,0.822396046816919,0.6238215714823867,0.3401169803061188,0.5286170230638664
0.8353873595559665,0.9805273566871947,0.06638060220853026,0.6698085249978989,0.3323749975242284,0.3296167788882661,0.580101962398683,0.7892702203774322,0.39516482608255277
0.4865064382731775,0.25977464284667484,0.7500575017264961,0.4978735849318081,0.5661160254266439,0.9307718484001866,0.8098007826394493,0.6460509144862865,0.019747508639189615
0.7466257396851201,0.786138358143044,0.5895964592645668,0.6193517034342492,0.429387523423693,0.2888471965141315,0.6056142287289512,0.27488730967884545,0.6973972790549617
0.18252810869774982,0.8125939072842303,0.9226110564504416,0.9886219187506561,0.43160003249073153,0.9060193187056407,0.20673369500540373,0.6612316302726946,0.03492070405712977
0.015961195980931597,0.5019629306777358,0.25376873493952656,0.4828880217821354,0.6423969288669327,0.6817862182409812,0.0011421849841143361,0.1231714803629016,0.7648254717143489
0.6418694535383449,0.7931472549846065,0.623868840834295,0.4331518722348352,0.2888390447595729,0.6037612657764381,0.7158243225501929,0.0015431090867998876,0.6759677479069766
0.49742557232272633,0.607693002780012,0.6064131209347593,0.4726829236832836,0.3553619726880517,0.9763083226929969,0.07457879634846076,0.9241703473364059,0.4185441515649896
0.8594044300650107,0.3324171221763381,0.674063549922574,0.33717277817072033,0.7229358895352326,0.08190270882309925,0.6261101109563039,0.8812976852027554,0.13547735397729044
