"('RNA_0', 'RNA_0')","('RNA_0', 'RNA_1')","('RNA_0', 'RNA_2')","('RNA_1', 'RNA_1')","('RNA_1', 'RNA_2')","('RNA_2', 'RNA_2')",RNA_0,RNA_1,RNA_2
0.054207470138229796,0.6617729688545886,0.38175360798085356,0.40510035121392507,0.3147576671438792,0.6716013915422633,0.9092351178871071,0.5864468413824315,0.15060992495760994
0.46958258845776557,0.20872664055589396,0.17213865354770042,0.39323757449927577,0.4290915292010611,0.011338109665666729,0.6347079388340346,0.9619394244689611,0.8669153763998545
0.010057990104088477,0.5948014352653819,0.11474204890318829,0.2405398972600773,0.5502386980818554,0.933702659880221,0.8810221850470836,0.5547893250871304,0.9141264601441603
0.05715293246539921,0.13702226520810878,0.8189633190028207,0.640825206509794,0.44912672215251814,0.577575989502525,0.8028981897607901,0.7872846993910271,0.9341574907718403
0.6863830455822304,0.051250143009937466,0.5247189488841606,0.2111874246880202,0.28024775810015123,0.6804338884980042,0.2628995424533138,0.6724582772420762,0.9241897372024024
0.5588943990653485,0.3951272080382908,0.6390326008981619,0.5819257362170612,0.9001496372380096,0.20349315853109218,0.7713848007690937,0.3964242364726863,0.8443869986144049
0.65354022256664,0.5507444971006938,0.518946205469677,0.26796485538493753,0.9906052148462009,0.7868219545707577,0.07941907966623107,0.7912846866741966,0.36370865863542545
0.4576809255173546,0.9150289680655217,0.8491099380406832,0.12871924205761553,0.37389722378542745,0.9266903083505992,0.9140704083282962,0.8131644431690065,0.7540943170871073
0.9285705118977678,0.6270992177761086,0.6437143234990437,0.43395110385719504,0.04782392790861745,0.4648315216401454,0.9566669920846954,0.016207713252783473,0.5886064080737116
