{
    "fold_change": [
        1.0,
        1.0,
        1.0,
        1.0,
        1.0,
        1.0,
        1.4208165034651756,
        1.4208165034651756,
        1.4208165034651756
    ],
    "overshoot": [
        0.0,
        0.0,
        0.0,
        0.0,
        0.0,
        0.0,
        5.662441253662109e-07,
        5.662441253662109e-07,
        5.662441253662109e-07
    ],
    "precision": null,
    "precision_estimate": null,
    "response_time": null,
    "response_time_high": null,
    "response_time_low": null,
    "RMSE": [
        0.0,
        0.0,
        0.0,
        0.0,
        0.0,
        0.0,
        0.0,
        0.0,
        0.0
    ],
    "sensitivity": null,
    "sensitivity_estimate": null,
    "steady_states": [
        "0.0",
        "0.0",
        "0.0",
        "0.0",
        "0.0",
        "0.0",
        "142.08165",
        "142.08165",
        "142.08165"
    ]
}