{
    "fold_change": [
        1.0,
        1.0,
        1.0,
        1.0,
        1.0,
        1.0,
        0.007038206563243606,
        1.5864642323123659,
        1.5864642323123659
    ],
    "overshoot": [
        0.0,
        0.0,
        0.0,
        0.0,
        0.0,
        0.0,
        142.08164978027344,
        0.0,
        0.0
    ],
    "precision": [
        "nan",
        "nan",
        "nan",
        "nan",
        "nan",
        "nan",
        "1.0",
        "1.7051338",
        "1.7051338"
    ],
    "precision_estimate": [
        "inf",
        "inf",
        "inf",
        "inf",
        "inf",
        "inf",
        "0.007038207",
        "0.012001084",
        "0.012001084"
    ],
    "response_time": [
        null,
        null,
        null,
        null,
        null,
        null,
        null,
        null,
        null
    ],
    "response_time_high": [
        null,
        null,
        null,
        null,
        null,
        null,
        null,
        null,
        null
    ],
    "response_time_low": [
        null,
        null,
        null,
        null,
        null,
        null,
        null,
        null,
        null
    ],
    "RMSE": [
        0.0,
        0.0,
        0.0,
        0.0,
        0.0,
        0.0,
        0.0,
        0.0,
        0.0
    ],
    "sensitivity": [
        "0.0",
        "0.0",
        "0.0",
        "0.0",
        "0.0",
        "0.0",
        "0.0",
        "0.5864642",
        "0.5864642"
    ],
    "sensitivity_estimate": [
        "0.0",
        "0.0",
        "0.0",
        "0.0",
        "0.0",
        "0.0",
        "0.0",
        "0.5864642",
        "0.5864642"
    ],
    "steady_states": [
        "0.0",
        "0.0",
        "0.0",
        "0.0",
        "0.0",
        "0.0",
        "0.0",
        "225.40746",
        "225.40746"
    ]
}