RNA_0,RNA_1,RNA_2
1.50958097e-05,1.50958097e-05,0.000301916194
1.50958097e-05,0.15095809699999999,1.50958097e-05
0.000301916194,1.50958097e-05,0.15095809699999999
