RNA_0,RNA_1,RNA_2
0.003019162,0.003019162,0.003019162
0.003019162,0.003019162,0.003019162
0.003019162,0.003019162,0.003019162
