RNA_0,RNA_1,RNA_2
0.00301916194,0.00301916194,0.00301916194
0.00301916194,0.00301916194,0.00301916194
0.00301916194,0.00301916194,0.00301916194
