"('RNA_0', 'RNA_0')","('RNA_0', 'RNA_1')","('RNA_0', 'RNA_2')","('RNA_1', 'RNA_1')","('RNA_1', 'RNA_2')","('RNA_2', 'RNA_2')",RNA_0,RNA_1,RNA_2
9.644578561593593e-07,8.978182905671564e-07,1.9488152490112696e-07,5.480460072822191e-07,3.942024991339167e-07,9.56576236802612e-08,4.941540519941607e-07,1.9683476393975417e-07,7.202444015205818e-07
4.1053168943641646e-07,5.4101872379583637e-08,7.246024222775859e-08,2.113703226030642e-07,1.074042803256554e-07,7.699071556625824e-08,1.1157774803438735e-07,8.246797273012353e-07,4.3003464903055795e-07
5.602223776892786e-07,1.3350422104521497e-07,2.904388728792294e-07,5.785632024752344e-07,7.545278454534699e-08,4.686524361561023e-07,2.3670000517976042e-07,9.836805634037991e-07,8.373140321682036e-07
3.767382903145758e-07,1.7929678500725643e-07,4.2908054029788675e-07,3.450985842532451e-07,8.57890226969033e-07,5.042967142456078e-07,1.1489833965492013e-07,2.981182838180417e-07,6.980452727312916e-07
5.464246060435983e-07,2.107225414586956e-07,4.270203001677275e-08,4.853364009263626e-07,1.2187091074708156e-07,4.0602268856576183e-07,7.649078536519881e-07,8.225807773156235e-07,7.090355393953107e-08
1.2000067525009394e-07,8.588751600889582e-07,4.7057646819276196e-07,5.421686438567512e-07,5.9459707411021355e-08,8.594717597848018e-07,9.553177813465751e-08,2.1806796136524363e-08,8.043848559969247e-07
1.3966458615983735e-07,3.3937866538364503e-07,1.8403110849850278e-07,5.755831555696608e-07,3.1375429585593206e-07,7.831430109473481e-07,2.8161625541060597e-07,4.2642754571662055e-07,3.533173809996437e-08
8.49518728188366e-07,1.1752589404527647e-07,8.615573255600406e-07,7.789277753045245e-07,8.437559653229997e-07,3.447521335497877e-07,2.2959249808004323e-07,6.35642490967234e-07,4.771347920937119e-08
1.3128948510108263e-07,4.333563153227838e-07,1.6484639639526443e-07,2.901314533580551e-07,2.560468176161158e-07,8.719413196405648e-07,2.4432615582200335e-08,3.092757825838278e-07,1.128136488765009e-07
