"('RNA_0', 'RNA_0')","('RNA_0', 'RNA_1')","('RNA_0', 'RNA_2')","('RNA_1', 'RNA_1')","('RNA_1', 'RNA_2')","('RNA_2', 'RNA_2')",RNA_0,RNA_1,RNA_2
1.6365914849818174e-07,3.5535786937825105e-08,7.241675412669142e-07,5.227166941851418e-07,7.461992182964584e-07,8.631350869253029e-08,6.68395121817513e-07,7.86617237982932e-07,7.50921494717328e-07
9.749546632980658e-07,3.786536798378197e-07,2.2437165675593306e-07,5.55877007963473e-07,5.143002374868737e-07,3.150497240477582e-07,5.391372014574099e-07,5.674821583170369e-07,6.39346367025817e-07
3.01055044895688e-07,1.1967135546125929e-07,9.023099638861531e-08,8.00591243289153e-07,3.8574674315475563e-08,5.59914449562437e-07,3.988562571889311e-07,7.689620107668057e-07,9.764217470365926e-07
2.661061671546502e-07,9.035430130171826e-07,2.434394377742166e-08,8.352369567810888e-07,4.430623054704974e-08,3.679064617587737e-07,7.831138859366646e-07,6.903428889810088e-07,8.806899737960116e-09
8.836408220461821e-07,6.033274593645742e-07,2.8805049666789426e-08,6.195313053504581e-08,2.0597686467066378e-07,2.6526606324673774e-07,9.724007780936823e-07,7.614418001663152e-07,9.964632164840646e-07
9.865200630175883e-07,6.016282170735998e-07,7.438596098923389e-08,3.280240192102238e-07,9.916990692765184e-07,9.368766488645814e-07,1.7146921094474943e-07,8.527242996708763e-07,1.4364218261101059e-07
3.69516793871127e-07,8.998549117570705e-07,1.8030639034028271e-07,2.9096588293581413e-07,3.418176157152484e-07,3.462525690293596e-07,5.318886394645047e-07,6.106638077772963e-08,3.469226725928242e-08
5.036184227223879e-07,2.1382136538741346e-07,6.240252234555898e-07,5.242420869669898e-07,8.433553223861087e-07,3.8564870138664753e-07,6.418347510443632e-07,3.4576648977350697e-07,6.849688392373627e-07
3.5596220685323686e-07,3.390314704774551e-07,1.7773410631272333e-07,2.1777733026332111e-07,8.451577886409002e-07,6.771662336420952e-07,2.732777979446228e-07,5.52821147828116e-07,4.917441175321167e-07
