"('RNA_0', 'RNA_0')","('RNA_0', 'RNA_1')","('RNA_0', 'RNA_2')","('RNA_1', 'RNA_1')","('RNA_1', 'RNA_2')","('RNA_2', 'RNA_2')",RNA_0,RNA_1,RNA_2
0.9865769656373566,0.8008527349826251,0.37536050974107205,0.1587500244020873,0.34813713295385984,0.0894411502155339,0.05215784174634741,0.044402761600971674,0.21929223863074832
0.6001323559430658,0.42277017612655166,0.3604029691046954,0.8273898716599342,0.257021665157838,0.6924491071392587,0.3671789471135729,0.5482295106088979,0.9671075430015365
0.9236480814291914,0.40588143692952217,0.7991292160150965,0.07652498352167025,0.6516146853117252,0.41534268654094963,0.28593335174987833,0.6272709966917219,0.8151295995319171
0.7151012462565237,0.8486489239507302,0.96128124878771,0.5090562909587871,0.24586185464337473,0.9091164412182163,0.2534562258349905,0.5973647293057353,0.8505350346996273
0.8585819138883751,0.08208029870108036,0.519982322580821,0.03292395827938943,0.2933528982566629,0.48885768753231595,0.8288485753675748,0.0052867351031629095,0.10047146623900094
0.5327037328320955,0.7702574306007869,0.6788779312519414,0.1609280058004008,0.186690136767526,0.08849849090568229,0.9923048246436837,0.37191407624523887,0.4516980515726787
0.19751575329086068,0.2319537789094107,0.747114125681308,0.7342511950840347,0.11151980000709771,0.4798414679495029,0.3118930094186352,0.8818762443737769,0.9953803105700612
0.2385168131057428,0.8620031232611982,0.6986410848206877,0.9463226399589757,0.776917500882429,0.7109880390065212,0.17869249038222512,0.0591636230284982,0.84079768150094
0.38964924066498463,0.9583948296003818,0.46317852109861,0.891227865911753,0.94941774998875,0.8483015136305881,0.4219484310873062,0.08745009981494911,0.03186133912507105
