"('RNA_0', 'RNA_0')","('RNA_0', 'RNA_1')","('RNA_0', 'RNA_2')","('RNA_1', 'RNA_1')","('RNA_1', 'RNA_2')","('RNA_2', 'RNA_2')",RNA_0,RNA_1,RNA_2
4.4030420339863916e-07,7.997966073750288e-07,4.955415964914739e-07,9.049721777865005e-09,7.66276819823347e-07,6.401041553708941e-07,2.9850535360863173e-07,2.5065513761674564e-07,9.856076051583845e-07
6.615373725912165e-07,7.271936344900955e-07,4.1455477686457005e-07,8.336665420469642e-07,3.019417062268277e-07,6.587178870130161e-09,4.6302177112613315e-07,6.222836025637146e-08,1.938766527942224e-07
4.1548067238471153e-07,5.839300063603326e-07,5.976670110656607e-07,5.110025234329609e-07,5.099310229017955e-07,1.91375651235252e-07,5.39087758113141e-07,1.5161316169923777e-08,4.843775116636944e-07
7.44331767108689e-07,1.7699553946141966e-07,2.2302107034115923e-07,1.250914660876853e-07,6.680416120822679e-07,4.400842960853701e-08,1.9026527758051481e-07,9.048897056407356e-07,2.511276943559846e-07
8.142389964307844e-07,2.727421752505299e-07,1.6650753097209536e-08,2.2237230971510257e-07,8.495329890581997e-07,4.192821135311243e-07,7.287409379276158e-07,8.934242759502188e-07,8.280580734987658e-07
2.314721178185932e-07,5.827027510401754e-07,4.876320218859379e-07,3.2474674890161215e-07,6.965194816966334e-07,3.8594136343946525e-07,1.7712214098496514e-07,1.1179092286441838e-07,1.0838745081095691e-07
6.814037000244764e-07,3.633965487764213e-07,5.193654103847877e-07,3.7384667101234013e-07,7.465855946885983e-07,8.672445478059812e-07,1.8937015059224726e-07,9.516516916489635e-07,2.9461461654463094e-07
7.425894541788523e-07,2.9776625255535435e-07,2.3015659520273844e-08,9.950008903926553e-07,3.977341694611481e-07,9.39724409034021e-07,1.5888547052439094e-07,4.884577265628458e-07,6.370718483507693e-07
9.444815355532792e-07,9.232427214541987e-07,5.341815019541479e-07,8.255257802167722e-07,7.643241752239445e-07,4.83962561220876e-07,5.909780883338156e-09,3.53231692196313e-08,4.0274755351885114e-07
