"('RNA_0', 'RNA_0')","('RNA_0', 'RNA_1')","('RNA_0', 'RNA_2')","('RNA_1', 'RNA_1')","('RNA_1', 'RNA_2')","('RNA_2', 'RNA_2')",RNA_0,RNA_1,RNA_2
0.7733024449532295,0.009028063197957459,0.8714712372614555,0.08891939870490306,0.9046348470107047,0.8334957107084418,0.9311917074737971,0.33154179130575834,0.016060695880894316
0.616275868016558,0.875238000139617,0.230140349058505,0.14859199338761808,0.8186778137765134,0.7570559627270493,0.07165416933334634,0.07131445578634266,0.39384362876945456
0.5892514167748877,0.5799504076599769,0.26289627558604645,0.02025911620134646,0.8022727698648474,0.09129401913509982,0.9448796218734724,0.21181074147870171,0.5702138464861912
0.2730303544384921,0.7771350990489175,0.3748080675561656,0.7269477508549301,0.8531817507465653,0.2669126959654834,0.4694746577435588,0.1906848762305149,0.49117088684807353
0.5216790749391765,0.48956424091867234,0.6214615085382047,0.19135851511094526,0.6761659381147478,0.3139097262282615,0.8191340290835437,0.06442838580589305,0.8480051651844052
0.32803526119291604,0.9145721062156157,0.4792624347945438,0.2379621255790897,0.5401460498032162,0.8073387735768034,0.010316907838102685,0.31653815648527095,0.857343881613824
0.21795350418726878,0.5178883387924,0.4069211927350138,0.5222578720042128,0.6292677564701595,0.7942973492115487,0.15720345307456496,0.6821637206068486,0.5225808359633997
0.06384197343474651,0.45224604208035635,0.8203020671644072,0.5771032181183574,0.4652194331314371,0.03189719504103339,0.28864282673666475,0.06261269370174949,0.9276288951321019
0.35504998371446994,0.5250175491475644,0.03672641265593157,0.6352038243633248,0.018208390554935394,0.26748543187819007,0.3506554152344856,0.8980420315828522,0.11949034608526266
